{"cameraMode":{"drawMode":0,"name":"Shaded","section":"Shading Mode"},"sceneLighting":false,"audioPlay":false,"sceneViewState":{"showFog":false,"showMaterialUpdate":false,"showSkybox":false,"showFlares":false,"showImageEffects":false,"showParticleSystems":false},"in2DMode":false,"pivot":{"x":-915.815673828125,"y":-331.900390625,"z":-2.6428823471069338},"rotation":{"x":0.1423214226961136,"y":-0.007116365246474743,"z":0.001023240271024406,"w":0.9897965788841248},"size":9.532490730285645,"orthographic":false}