{"cameraMode":{"drawMode":0,"name":"Shaded","section":"Shading Mode"},"sceneLighting":false,"audioPlay":false,"sceneViewState":{"showFog":false,"showMaterialUpdate":false,"showSkybox":false,"showFlares":false,"showImageEffects":false,"showParticleSystems":false},"in2DMode":false,"pivot":{"x":-923.1056518554688,"y":-331.5678405761719,"z":0.6163243651390076},"rotation":{"x":0.2553817629814148,"y":0.02205185405910015,"z":-0.005827466957271099,"w":0.9665782451629639},"size":0.7074006199836731,"orthographic":false}