{"cameraMode":{"drawMode":0,"name":"Shaded","section":"Shading Mode"},"sceneLighting":false,"audioPlay":false,"sceneViewState":{"showFog":false,"showMaterialUpdate":false,"showSkybox":false,"showFlares":false,"showImageEffects":false,"showParticleSystems":false},"in2DMode":false,"pivot":{"x":-915.91064453125,"y":-335.9486999511719,"z":0.6528615355491638},"rotation":{"x":0.1423214226961136,"y":-0.007116365246474743,"z":0.001023240271024406,"w":0.9897965788841248},"size":0.7074006199836731,"orthographic":false}