{"cameraMode":{"drawMode":0,"name":"Shaded","section":"Shading Mode"},"sceneLighting":true,"audioPlay":false,"sceneViewState":{"showFog":false,"showMaterialUpdate":false,"showSkybox":false,"showFlares":false,"showImageEffects":false,"showParticleSystems":false},"in2DMode":false,"pivot":{"x":46.45627212524414,"y":67.46935272216797,"z":-182.239501953125},"rotation":{"x":-0.05346235632896423,"y":0.9447231292724609,"z":0.2568891942501068,"w":0.19661954045295716},"size":14.988991737365723,"orthographic":false}